DRUG_ID,ln_IC50_pred,DRUG_NAME,Targets,Target_pathway,en_entrenamiento
104,-4.265292167663574,Bortezomib,Proteasome,Protein stability and degradation,False
1191,-4.265292167663574,Bortezomib,Proteasome,Protein stability and degradation,True
1911,-3.4069082736968994,Dactinomycin,RNA polymerase,Other,True
1016,-2.941800594329834,Temsirolimus,MTOR,PI3K/MTOR signaling,False
1248,-2.775352716445923,Daporinad,NAMPT,Metabolism,True
1941,-2.472597599029541,Sepantronium bromide,BIRC5,Apoptosis regulation,True
268,-2.472597599029541,Sepantronium bromide,BIRC5,Apoptosis regulation,False
1007,-2.2013514041900635,Docetaxel,Microtubule stabiliser,Mitosis,True
153,-1.439885139465332,Midostaurin,"PKC, PPK, FLT1, c-FGR, others",Other,False
1180,-1.3861610889434814,Dinaciclib,"CDK1, CDK2, CDK5, CDK9",Cell cycle,True
1024,-1.3652100563049316,Lestaurtinib,"FLT3, JAK2, NTRK1, NTRK2, NTRK3","Other, kinases",False
1034,-1.3164618015289309,Staurosporine,Broad spectrum kinase inhibitor,RTK signaling,True
1862,-1.308997631072998,MG-132,"Proteasome, CAPN1",Protein stability and degradation,True
9,-1.308997631072998,MG-132,"Proteasome, CAPN1",Protein stability and degradation,False
1004,-1.2205257415771484,Vinblastine,Microtubule destabiliser,Mitosis,True
3,-0.9144187569618224,Rapamycin,MTORC1,PI3K/MTOR signaling,False
1084,-0.9144187569618224,Rapamycin,MTORC1,PI3K/MTOR signaling,True
1003,-0.8459400534629822,Camptothecin,TOP1,DNA replication,True
201,-0.5775882601737976,Epothilone B,Microtubule stabiliser,Mitosis,False
133,-0.2916618585586548,Doxorubicin,Anthracycline,DNA replication,False
1511,-0.27873694896698,Epirubicin,Anthracycline,DNA replication,True
140,-0.2371352314949035,Vinorelbine,Microtubule destabiliser,Mitosis,False
2048,-0.2371352314949035,Vinorelbine,Microtubule destabiliser,Mitosis,True
1057,-0.2209345698356628,Dactolisib,"PI3K (class 1), MTORC1, MTORC2",PI3K/MTOR signaling,True
197,-0.1773000955581665,Bryostatin 1,PKC,Other,False
1080,-0.1044312119483947,Paclitaxel,Microtubule stabiliser,Mitosis,True
11,-0.1044312119483947,Paclitaxel,Microtubule stabiliser,Mitosis,False
1039,-0.0439578890800476,SL0101,"RSK, AURKB, PIM1, PIM3","Other, kinases",False
1849,0.1391890048980713,Sabutoclax,"BCL2,  BCL-XL,  BFL1, MCL1",Apoptosis regulation,True
1190,0.4108973145484924,Gemcitabine,Pyrimidine antimetabolite,DNA replication,True
135,0.4108973145484924,Gemcitabine,Pyrimidine antimetabolite,DNA replication,False
1559,0.479162335395813,Luminespib,HSP90,Protein stability and degradation,True
194,0.479162335395813,Luminespib,HSP90,Protein stability and degradation,False
60,0.586277186870575,BI-2536,"PLK1, PLK2, PLK3",Cell cycle,False
1086,0.586277186870575,BI-2536,"PLK1, PLK2, PLK3",Cell cycle,True
1059,0.7436481714248657,AZD8055,"MTORC1, MTORC2",PI3K/MTOR signaling,True
180,0.8543553352355957,Thapsigargin,SERCA,Other,False
1170,0.867444634437561,CCT-018159,HSP90,Protein stability and degradation,False
1022,1.2213242053985596,AZD7762,"CHEK1, CHEK2",Cell cycle,True
190,1.282839059829712,Bleomycin,dsDNA break induction,DNA replication,False
1926,1.4683349132537842,GNE-317,PI3Kalpha,PI3K/MTOR signaling,True
1930,1.495495080947876,Telomerase Inhibitor IX,Telomerase,Genome integrity,True
1060,1.6504120826721191,PD0325901,"MEK1, MEK2",ERK MAPK signaling,True
1372,1.7397773265838623,Trametinib,"MEK1, MEK2",ERK MAPK signaling,True
1018,1.872950553894043,Veliparib,"PARP1, PARP2",Genome integrity,False
1031,1.8787388801574707,Elesclomol,HSP90,Protein stability and degradation,False
304,1.9012131690979004,SB52334,ALK5,"Other, kinases",False
1149,1.9898560047149656,TW 37,"BCL2, BCL-XL, MCL1",Apoptosis regulation,False
1011,2.001396894454956,Navitoclax,"BCL2, BCL-XL, BCL-W",Apoptosis regulation,True
1001,2.018783569335937,AICA Ribonucleotide,AMPK agonist,Metabolism,False
2040,2.081840991973877,Foretinib,"MET, KDR, TIE2, VEGFR3/FLT4, RON, PDGFR, FGFR1, EGFR",RTK signaling,True
308,2.081840991973877,Foretinib,"MET, KDR, TIE2, VEGFR3/FLT4, RON, PDGFR, FGFR1, EGFR",RTK signaling,False
1919,2.0900888442993164,Osimertinib,EGFR,EGFR signaling,True
1873,2.163520336151123,Buparlisib,"PI3Kalpha, PI3Kdelta, PI3Kbeta, PI3Kgamma",PI3K/MTOR signaling,True
1012,2.2218587398529053,Vorinostat,"HDAC inhibitor Class I, IIa, IIb, IV",Chromatin histone acetylation,True
1529,2.2339038848876958,Pevonedistat,NAE,Other,True
1909,2.319058895111084,Venetoclax,BCL2,Apoptosis regulation,True
182,2.372111320495605,Obatoclax Mesylate,"BCL2, BCL-XL, BCL-W, MCL1",Apoptosis regulation,False
1068,2.372111320495605,Obatoclax Mesylate,"BCL2, BCL-XL, BCL-W, MCL1",Apoptosis regulation,True
1058,2.396979570388794,Pictilisib,PI3K (class 1),PI3K/MTOR signaling,True
1527,2.396979570388794,Pictilisib,PI3K (class 1),PI3K/MTOR signaling,False
249,2.425428628921509,Cabozantinib,"VEGFR, MET, RET, KIT, FLT1, FLT3, FLT4, TIE2,AXL",RTK signaling,False
1179,2.456860065460205,MK-1775,"WEE1, PLK1",Cell cycle,True
1922,2.458551406860352,Cediranib,"VEGFR, FLT1, FLT2, FLT3, FLT4, KIT, PDGFRB",RTK signaling,True
1912,2.544081211090088,Afuresertib,"AKT1, AKT2, AKT3",PI3K/MTOR signaling,True
62,2.5669796466827397,BMS-536924,"IGF1R, IR",IGF1R signaling,False
1091,2.5669796466827397,BMS-536924,"IGF1R, IR",IGF1R signaling,True
63,2.6317391395568848,BMS-509744,ITK,"Other, kinases",False
1936,2.7055113315582275,Savolitinib,MET,RTK signaling,True
302,2.7203850746154785,PI-103,"PI3Kalpha, DAPK3, CLK4, PIM3, HIPK2","Other, kinases",False
1378,2.7356317043304443,Bleomycin (50 uM),dsDNA break induction,DNA replication,False
1168,2.746731996536255,Erlotinib,EGFR,EGFR signaling,True
1,2.746731996536255,Erlotinib,EGFR,EGFR signaling,False
177,2.7771217823028564,GSK650394,"SGK2, SGK3","Other, kinases",False
30,2.7813141345977783,Sorafenib,"PDGFR, KIT, VEGFR, RAF",RTK signaling,False
1085,2.7813141345977783,Sorafenib,"PDGFR, KIT, VEGFR, RAF","Other, kinases",True
6,2.802931070327759,PHA-665752,MET,RTK signaling,False
1916,2.8108601570129395,AZD5363,"AKT1, AKT2, AKT3, ROCK2","Other, kinases",True
1194,2.821377277374268,SB505124,"TGFBR1, ACVR1B, ACVR1C",RTK signaling,True
1910,2.828472137451172,ABT737,"BCL2, BCL-XL,  BCL-W, BCL-B, BFL1",Apoptosis regulation,True
310,2.837437152862549,YM201636,PIKFYVE,PI3K/MTOR signaling,False
1019,2.837475538253784,Bosutinib,"SRC, ABL, TEC","Other, kinases",False
204,2.8456602096557617,Tipifarnib,Farnesyl-transferase (FNTA),Other,False
274,2.8512542247772217,Belinostat,HDAC1,Chromatin histone acetylation,False
224,2.864179849624634,AS605240,PI3Kgamma,PI3K/MTOR signaling,False
163,2.905790328979492,JQ1,"BRD2, BRD3, BRD4, BRDT",Chromatin other,False
1218,2.905790328979492,JQ1,"BRD2, BRD3, BRD4, BRDT",Chromatin other,False
2172,2.905790328979492,JQ1,"BRD2, BRD3, BRD4, BRDT",Chromatin other,True
193,2.906254768371582,GW-2580,CSF1R,RTK signaling,False
1250,2.929371118545532,AZ960,"JAK2, JAK3","Other, kinases",True
1164,2.9322662353515625,XMD8-92,MAPK7,ERK MAPK signaling,False
1915,2.9339354038238525,AZD3759,EGFR,EGFR signaling,True
1786,2.945142269134521,AZD4547,"FGFR1, FGFR2, FGFR3",RTK signaling,True
300,2.9646756649017334,CX-5461,RNA Polymerase 1,Other,False
2109,2.9666340351104736,AZ6102,"TNKS1, TNKS2",WNT signaling,True
64,2.9788827896118164,CMK,RSK2,"Other, kinases",False
223,2.9880495071411133,ZSTK474,PI3K (class 1),PI3K/MTOR signaling,False
86,3.010747194290161,A-443654,"AKT1, AKT2, AKT3",PI3K/MTOR signaling,False
1918,3.011448621749878,AZD8186,"PI3Kalpha, PI3Kbeta",PI3K/MTOR signaling,True
134,3.0284855365753174,Etoposide,TOP2,DNA replication,False
88,3.032053709030152,Entinostat,"HDAC1, HDAC3",Chromatin histone acetylation,False
1593,3.032053709030152,Entinostat,"HDAC1, HDAC3",Chromatin histone acetylation,True
208,3.03205680847168,Ispinesib Mesylate,KSP,Mitosis,False
1553,3.054471492767334,Uprosertib,"AKT1, AKT2, AKT3",PI3K/MTOR signaling,True
2106,3.054471492767334,Uprosertib,"AKT1, AKT2, AKT3",PI3K/MTOR signaling,True
266,3.0638909339904785,Zibotentan,Endothelin-1 receptor (EDNRA),Other,False
1617,3.064168691635132,AZD5582,"XIAP, cIAP",Apoptosis regulation,True
38,3.0817275047302246,Saracatinib,"ABL, SRC","Other, kinases",False
54,3.0832886695861816,CGP-082996,CDK4,Cell cycle,False
41,3.0868818759918213,S-Trityl-L-cysteine,KIF11,Mitosis,False
1561,3.100580930709839,Taselisib,PI3K (beta sparing),PI3K/MTOR signaling,True
1576,3.1071221828460693,IWP-2,PORCN,WNT signaling,True
151,3.1095433235168457,QS11,ARFGAP1,Other,False
1200,3.111334562301636,Fulvestrant,ESR,Hormone-related,True
1917,3.124523162841797,AZD6738,ATR,Genome integrity,True
1061,3.1314737796783447,SB590885,BRAF,ERK MAPK signaling,False
56,3.1514339447021484,WH-4-023,"SRC, LCK","Other, kinases",False
1026,3.156453847885132,Tanespimycin,HSP90,Protein stability and degradation,False
106,3.157904624938965,XMD8-85,"ERK5, BET",Other,False
1627,3.1606056690216064,GSK343,EZH2,Chromatin histone methylation,True
295,3.166835069656372,NVP-BHG712,EPHB4,RTK signaling,False
1028,3.1687285900115967,VX-702,p38,JNK and p38 signaling,False
1631,3.17077112197876,PRT062607,SYK,"Other, kinases",True
1033,3.1717560291290283,Vismodegib,SMO,Other,False
1241,3.17641019821167,CHIR-99021,"GSK3A, GSK3B",WNT signaling,False
154,3.17641019821167,CHIR-99021,"GSK3A, GSK3B",WNT signaling,False
1377,3.1805579662323,Afatinib,"ERBB2, EGFR",EGFR signaling,False
1032,3.1805579662323,Afatinib,"ERBB2, EGFR",EGFR signaling,True
55,3.1811444759368896,A-770041,"LCK, FYN","Other, kinases",False
173,3.184757947921753,FH535,"PPARgamma, PPARdelta",Other,False
293,3.1881394386291504,Amuvatinib,"KIT, PDGFRA, FLT3",RTK signaling,False
1006,3.19495701789856,Cytarabine,Antimetabolite,Other,True
94,3.199806928634644,TGX221,PI3Kbeta,PI3K/MTOR signaling,False
245,3.2007157802581787,UNC0638,G9a and GLP methyltransferases,Chromatin histone methylation,False
1236,3.2007157802581787,UNC0638,G9a and GLP methyltransferases,Chromatin histone methylation,False
32,3.2196173667907715,Tozasertib,"AURKA, AURKB, AURKC, others",Mitosis,False
1096,3.2196173667907715,Tozasertib,"AURKA, AURKB, AURKC, others",Mitosis,True
282,3.2250239849090576,Pelitinib,EGFR,EGFR signaling,False
1053,3.2339212894439697,MK-2206,"AKT1, AKT2",PI3K/MTOR signaling,True
1021,3.249121189117432,Axitinib,"PDGFR, KIT, VEGFR",RTK signaling,True
59,3.255380153656006,WZ-1-84,BMX,"Other, kinases",False
165,3.2658779621124268,DMOG,HIF-PH,Metabolism,False
2046,3.271758317947388,MK-8776,"CHEK1, CHEK2, CDK2",Cell cycle,True
17,3.278298854827881,Cyclopamine,SMO,Other,False
110,3.2854316234588623,Seliciclib,"CDK2, CDK7, CDK9",Cell cycle,False
207,3.28606390953064,AS601245,"JNK1, JNK2, JNK2",JNK and p38 signaling,False
53,3.292004108428955,CGP-60474,"CDK1,CDK2,CDK5,CDK7,CDK9, PKC",Cell cycle,False
326,3.2949318885803223,GSK690693,"AKT1, AKT2, AKT3",PI3K/MTOR signaling,False
229,3.296182870864868,Enzastaurin,PKCB,"Other, kinases",False
287,3.297935724258423,KIN001-244,PDK1 (PDPK1),Metabolism,False
1498,3.3000757694244385,Selumetinib,"MEK1, MEK2",ERK MAPK signaling,False
1062,3.3000757694244385,Selumetinib,"MEK1, MEK2",ERK MAPK signaling,False
309,3.301840782165528,Y-39983,ROCK,Cytoskeleton,False
83,3.306281328201294,JW-7-52-1,MTOR,PI3K/MTOR signaling,False
159,3.3089041709899902,HG6-64-1,BRAF,ERK MAPK signaling,False
1932,3.309977769851685,NVP-ADW742,IGF1R,IGF1R signaling,True
1038,3.31306266784668,NU7441,DNAPK,Genome integrity,True
184,3.3238635063171387,BMS-754807,"IGF1R, IR",RTK signaling,False
1043,3.324354887008667,JNK Inhibitor VIII,JNK,JNK and p38 signaling,False
167,3.3316915035247803,OSU-03012,PDK1 (PDPK1),Metabolism,False
271,3.3349459171295166,VNLG/124,"HDAC,RAR",Chromatin histone acetylation,False
175,3.3440794944763184,PAC-1,"Procaspase-3, Procaspase-7",Apoptosis regulation,False
312,3.349181652069092,Tivozanib,"VEGFR1, VEGFR2, VEGFR3",RTK signaling,False
29,3.3499648571014404,AZ628,BRAF,ERK MAPK signaling,False
171,3.357805728912353,AKT inhibitor VIII,"AKT1, AKT2, AKT3",PI3K/MTOR signaling,False
228,3.357805728912353,AKT inhibitor VIII,"AKT1, AKT2, AKT3",PI3K/MTOR signaling,False
291,3.3694467544555664,KIN001-266,MAP3K8,ERK MAPK signaling,False
260,3.3704099655151367,NG-25,"TAK1, MAP4K2","Other, kinases",False
1051,3.3801448345184326,Alisertib,AURKA,Mitosis,True
1924,3.381606101989746,Ipatasertib,"AKT1, AKT, AKT3",PI3K/MTOR signaling,True
273,3.383506298065185,CUDC-101,"HDAC1-10, EGFR, ERBB2",Other,False
1052,3.385321855545044,RO-3306,CDK1,Cell cycle,True
1262,3.3858911991119385,UNC1215,L3MBTL3,Chromatin other,False
127,3.40104341506958,GSK269962A,"ROCK1, ROCK2",Cytoskeleton,False
1192,3.40104341506958,GSK269962A,"ROCK1, ROCK2",Cytoskeleton,True
1029,3.41862416267395,Motesanib,"VEGFR, RET, KIT, PDGFR",RTK signaling,False
1009,3.4201223850250244,Tretinoin,Retinoic acid,Other,False
341,3.449061393737793,Selisistat,SIRT1,Chromatin histone acetylation,False
147,3.4561054706573486,NSC-87877,"SHP-1 (PTPN6), SHP-2 (PTPN11)",Other,False
1613,3.457214832305908,VE-822,ATR,Genome integrity,True
34,3.4718501567840576,Imatinib,"ABL, KIT, PDGFR","Other, kinases",False
1219,3.472900152206421,PFI-1,BRD4,Chromatin other,False
1008,3.4733099937438965,Methotrexate,Antimetabolite,DNA replication,False
303,3.476430177688598,PIK-93,PI3Kgamma,PI3K/MTOR signaling,False
2169,3.4854838848114014,AZD6482,PI3Kbeta,PI3K/MTOR signaling,True
1066,3.4854838848114014,AZD6482,PI3Kbeta,PI3K/MTOR signaling,False
156,3.4854838848114014,AZD6482,PI3Kbeta,PI3K/MTOR signaling,False
1013,3.49954605102539,Nilotinib,ABL,ABL signaling,True
2047,3.5005288124084477,Ulixertinib,"ERK1, ERK2",ERK MAPK signaling,True
1908,3.5005288124084477,Ulixertinib,"ERK1, ERK2",ERK MAPK signaling,True
305,3.5091447830200195,TPCA-1,IKK2,"Other, kinases",False
1010,3.509293556213379,Gefitinib,EGFR,EGFR signaling,True
1014,3.51249623298645,Refametinib,"MEK1, MEK2",ERK MAPK signaling,False
1526,3.51249623298645,Refametinib,"MEK1, MEK2",ERK MAPK signaling,False
1175,3.5174949169158936,Rucaparib,"PARP1, PARP2",Genome integrity,False
292,3.519434690475464,Masitinib,"KIT, PDGFRA, PDGFRB",RTK signaling,False
158,3.522164821624756,PF-562271,"FAK, FAK2",Cytoskeleton,False
306,3.528632879257202,Fedratinib,JAK2,"Other, kinases",False
258,3.5365335941314697,STF-62247,Autophagy inducer,Other,False
1079,3.546874761581421,Dasatinib,"ABL, SRC, Ephrins, PDGFR, KIT","Other, kinases",True
51,3.546874761581421,Dasatinib,"ABL, SRC, Ephrins, PDGFR, KIT",RTK signaling,False
91,3.5474112033843994,GSK319347A,IKK,"Other, kinases",False
1259,3.550381660461426,Talazoparib,"PARP1, PARP2",Genome integrity,True
283,3.5547935962677,Omipalisib,"PI3K (class 1), MTORC1, MTORC2",PI3K/MTOR signaling,False
136,3.555109739303589,Mitomycin-C,DNA crosslinker,DNA replication,False
1199,3.5553109645843506,Tamoxifen,ESR1,Hormone-related,True
288,3.5609660148620605,WHI-P97,JAK3,"Other, kinases",False
203,3.578683376312256,BMS-345541,"IKK1, IKK2","Other, kinases",False
1249,3.584924936294556,BMS-345541,"IKK-1, IKK-2",Other,True
279,3.5889439582824707,BIX02189,"MEK5, ERK5",ERK MAPK signaling,False
238,3.600846290588379,Idelalisib,PI3Kdelta,PI3K/MTOR signaling,False
226,3.601844549179077,GSK1070916,"AURKA, AURKC",Mitosis,False
1037,3.6070806980133057,BX795,"TBK1, PDK1 (PDPK1), IKK, AURKB, AURKC","Other, kinases",False
155,3.608533620834351,Ponatinib,"ABL, PDGFRA, VEGFR2, FGFR1, SRC, TIE2, FLT3","Other, kinases",False
1939,3.612421989440918,UMI-77,MCL1,Apoptosis regulation,True
222,3.6174283027648926,BX-912,PDK1 (PDPK1),Metabolism,False
199,3.61846661567688,Pazopanib,"CSF1R, KIT,  PDGFRA, PDGFRB",RTK signaling,False
276,3.624175786972046,CAY10603,"HDAC1, HDAC6",Chromatin histone acetylation,False
230,3.626440286636353,GSK429286A,"ROCK1, ROCK2",Cytoskeleton,False
2044,3.6303861141204834,Pyridostatin,G-quadruplex stabiliser,DNA replication,True
1940,3.648308753967285,WIKI4,"TNKS1, TNKS2",WNT signaling,True
1050,3.649383306503296,ZM447439,"AURKA, AURKB",Mitosis,True
277,3.6581201553344727,Linifanib,"VEGFR1, VEGFR2, VEGFR3, CSF1R, FLT3, KIT",RTK signaling,False
1242,3.689143657684326,(5Z)-7-Oxozeaenol,TAK1,"Other, kinases",False
1626,3.693311929702759,OTX015,"BRD2, BRD3, BRD4",Chromatin other,True
221,3.698316812515259,TAK-715,"p38alpha, p38beta",JNK and p38 signaling,False
328,3.700331449508667,SNX-2112,HSP90,Protein stability and degradation,False
1630,3.716038942337036,Entospletinib,SYK,"Other, kinases",True
345,3.717104434967041,KIN001-270,CDK9,Cell cycle,False
1133,3.727770805358887,Serdemetan,MDM2,p53 pathway,False
1560,3.7282681465148926,Alpelisib,PI3Kalpha,PI3K/MTOR signaling,True
1015,3.73163652420044,CI-1040,"MEK1, MEK2",ERK MAPK signaling,False
219,3.748325824737549,AT-7519,"CDK1, CDK2, CDK4, CDK6, CDK9",Cell cycle,False
262,3.75661826133728,VX-11e,ERK2,ERK MAPK signaling,False
2096,3.75661826133728,VX-11e,ERK2,ERK MAPK signaling,True
254,3.762827157974243,Quizartinib,FLT3,RTK signaling,False
200,3.76326322555542,Dacinostat,HDAC1,Chromatin histone acetylation,False
1558,3.771929979324341,Lapatinib,"EGFR, ERBB2",EGFR signaling,True
119,3.771929979324341,Lapatinib,"EGFR, ERBB2",RTK signaling,False
152,3.773534059524536,CP466722,ATM,Genome integrity,False
1067,3.775115489959717,CCT007093,PPM1D,Cell cycle,False
1049,3.783888816833496,PD173074,"FGFR1, FGFR2, FGFR3",RTK signaling,True
1023,3.784223318099976,GW441756,NTRK1,RTK signaling,False
1618,3.825838565826416,GSK2606414,PERK,Metabolism,True
1239,3.8373849391937256,YK-4-279,RNA helicase A,Other,True
281,3.841455221176148,Alectinib,ALK,RTK signaling,False
1046,3.8467044830322266,Wee1 Inhibitor,"WEE1, CHEK1",Cell cycle,True
87,3.852598428726196,GW843682X,PLK1,Cell cycle,False
111,3.857542753219605,Salubrinal,EIF2A,Other,False
5,3.8715224266052246,Sunitinib,"PDGFR, KIT, VEGFR, FLT3, RET, CSF1R",RTK signaling,False
1853,3.880747556686402,OF-1,"BRPF1B, BRPF2",Chromatin histone acetylation,True
1243,3.906891107559204,Piperlongumine,Induces reactive oxygen species,Other,False
185,3.914487361907959,Linsitinib,IGF1R,IGF1R signaling,False
1510,3.914487361907959,Linsitinib,IGF1R,IGF1R signaling,True
1624,3.921277761459351,I-BET-762,"BRD2, BRD3, BRD4",Chromatin other,True
275,3.921277761459351,I-BET-762,"BRD2, BRD3, BRD4",Chromatin other,False
1129,3.921577215194702,PF-4708671,S6K1,PI3K/MTOR signaling,True
255,3.9424116611480713,CP724714,ERBB2,RTK signaling,False
1089,3.948505163192749,Oxaliplatin,DNA alkylating agent,DNA replication,True
1614,3.9608147144317623,WZ4003,"NUAK1, NUAK2","Other, kinases",True
170,3.9678900241851807,Shikonin,not defined,Other,False
265,3.9827609062194815,Tubastatin A,"HDAC1, HDAC6, HDAC8",Chromatin histone acetylation,False
1083,3.989011764526367,Crizotinib,"MET, ALK, ROS1",RTK signaling,True
37,3.989011764526367,Crizotinib,"MET, ALK, ROS1",RTK signaling,False
1598,3.9984536170959473,LGK974,PORCN,WNT signaling,True
1564,4.0081400871276855,SCH772984,"ERK1, ERK2",ERK MAPK signaling,True
1494,4.011990547180176,SN-38,TOP1,DNA replication,False
71,4.021667957305908,Pyrimethamine,Dihydrofolate reductase (DHFR),Other,False
298,4.023651599884033,OSI-930,KIT,RTK signaling,False
1996,4.0730881690979,MIM1,MCL1,Apoptosis regulation,True
1114,4.075368404388428,Cetuximab,EGFR,EGFR signaling,False
45,4.087120532989502,Z-LLNle-CHO,gamma-secretase,Other,False
35,4.090864658355713,NVP-TAE684,ALK,RTK signaling,False
1047,4.093291759490967,Nutlin-3a (-),MDM2,p53 pathway,True
89,4.105368614196777,Parthenolide,HDAC1,Chromatin histone acetylation,False
1005,4.10555362701416,Cisplatin,DNA crosslinker,DNA replication,True
1634,4.107151508331299,AGI-6780,IDH2 R140Q mutant,Metabolism,True
1997,4.109530925750732,WEHI-539,BCL-XL,Apoptosis regulation,True
294,4.113481521606445,MPS-1-IN-1,MPS1,Mitosis,False
186,4.117156982421875,Bexarotene,Retinioic X receptor (RXR) agonist,Other,False
1093,4.117351055145264,GSK1904529A,"IGF1R, IR",IGF1R signaling,True
202,4.117351055145264,GSK1904529A,"IGF1R, IR",RTK signaling,False
1502,4.122425079345703,Bicalutamide,AR,Hormone-related,False
150,4.122425079345703,Bicalutamide,AR,Hormone-related,False
176,4.13829517364502,IPA-3,PAK1,Cytoskeleton,False
1933,4.142497539520264,P22077,"USP7, USP47",Protein stability and degradation,True
1622,4.143418312072754,Wnt-C59,PORCN,WNT signaling,True
269,4.155013561248779,NSC-207895,MDM4,p53 pathway,False
196,4.214842796325684,Phenformin,Biguanide agent,Other,False
1088,4.220643043518066,Irinotecan,TOP1,DNA replication,True
178,4.222927093505859,BAY-61-3606,SYK,"Other, kinases",False
192,4.268369674682617,LFM-A13,BTK,"Other, kinases",False
1230,4.268803119659424,IOX2,EGLN1,Other,False
1632,4.275193691253662,Ribociclib,"CDK4, CDK6",Cell cycle,True
1928,4.293030261993408,I-BRD9,BRD9,Chromatin other,True
1177,4.30578088760376,Niraparib,"PARP1, PARP2",Genome integrity,True
1629,4.343645095825195,ML323,"USP1, UAF1",Protein stability and degradation,True
1268,4.358717918395996,XAV939,"TNKS1, TNKS2",WNT signaling,True
1855,4.38251256942749,KRAS (G12C) Inhibitor-12,KRAS (G12C),ERK MAPK signaling,True
1020,4.389388084411621,Lenalidomide,CRBN,Protein stability and degradation,False
2043,4.443136215209961,BIBR-1532,TERT,Genome integrity,True
272,4.454202651977539,AR-42,HDAC1,Chromatin histone acetylation,False
1017,4.455798625946045,Olaparib,"PARP1, PARP2",Genome integrity,True
1495,4.455798625946045,Olaparib,"PARP1, PARP2",Genome integrity,False
1549,4.46851921081543,Sapitinib,"EGFR, ERBB2, ERBB3",EGFR signaling,True
2111,4.473307132720947,VE821,ATR,Genome integrity,True
1042,4.51001501083374,Doramapimod,"p38, JNK2",JNK and p38 signaling,True
166,4.532577991485596,FTI-277,Farnesyl-transferase (FNTA),Other,False
1799,4.542477130889893,Ibrutinib,BTK,"Other, kinases",True
1621,4.546172142028809,PCI-34051,"HDAC8, HDAC6, HDAC1",Chromatin histone acetylation,True
1854,4.546885967254639,MN-64,"TNKS1, TNKS2",WNT signaling,True
1594,4.550972938537598,OSI-027,"MTORC1, MTORC2",PI3K/MTOR signaling,True
299,4.550972938537598,OSI-027,"MTORC1, MTORC2",PI3K/MTOR signaling,False
1913,4.5638604164123535,AGI-5198,IDH1 (R132H),Metabolism,True
1054,4.583288669586182,Palbociclib,"CDK4, CDK6",Cell cycle,True
205,4.589530944824219,Avagacestat,"Amyloid beta20, Amyloid beta40",Other,False
1072,4.589530944824219,Avagacestat,"Amyloid beta20, Amyloid beta40",Other,False
1131,4.610400199890137,PRIMA-1MET,TP53 activation,p53 pathway,True
1925,4.667013645172119,GDC0810,"ESR1, ESR2",Hormone-related,True
1927,4.668636798858643,GSK2578215A,LRRK2,"Other, kinases",True
1625,4.671603679656982,RVX-208,BRD4,Chromatin other,True
263,4.677381038665772,FR-180204,"ERK1, ERK2",ERK MAPK signaling,False
172,4.679013729095459,Embelin,XIAP,Apoptosis regulation,False
290,4.679591178894043,KIN001-260,IKKB,"Other, kinases",False
52,4.683493137359619,GNF-2,BCR-ABL,ABL signaling,False
1030,4.698249340057373,KU-55933,ATM,Genome integrity,True
1507,4.699965953826904,Ruxolitinib,"JAK1, JAK2","Other, kinases",True
206,4.699965953826904,Ruxolitinib,"JAK1, JAK2","Other, kinases",False
333,4.73694372177124,T0901317,"LXR, FXR",Other,False
1069,4.7396979331970215,EHT-1864,"RAC1, RAC2, RAC3",Cytoskeleton,False
301,4.778222560882568,PHA-793887,"CDK2, CDK7, CDK5",Cell cycle,False
2045,4.784010887145996,AMG-319,PI3K (beta sparing),PI3K/MTOR signaling,True
1578,4.902093410491943,Leflunomide,Pyrimidine synthesis inhibitor,DNA replication,True
2110,4.915787696838379,GSK591,PMRT5,Chromatin histone methylation,True
157,4.933434963226318,JNK-9L,"JNK2, JNK3",JNK and p38 signaling,False
1615,4.947959899902344,CZC24832,PI3Kgamma,PI3K/MTOR signaling,True
1373,4.949407577514648,Dabrafenib,BRAF,ERK MAPK signaling,True
1036,4.960196018218994,PLX-4720,BRAF,ERK MAPK signaling,True
1371,4.960196018218994,PLX-4720,BRAF,ERK MAPK signaling,False
1557,4.97442102432251,LCL161,"XIAP, IAP1, IAP2",Apoptosis regulation,True
2107,4.990920543670654,LJI308,"RSK2, RSK1, RSK3",PI3K/MTOR signaling,True
1852,4.997180461883545,LY2109761,TGFB1,Other,True
1264,5.013717174530029,SGC0946,DOT1L,Chromatin histone methylation,False
1237,5.015971660614014,EPZ004777,DOT1L,Chromatin histone methylation,True
1512,5.042656898498535,Cyclophosphamide,Alkylating agent,DNA replication,True
1635,5.053863048553467,Picolinici-acid,Inflammatory related,Other,True
1025,5.114066123962402,SB216763,"GSK3A, GSK3B",WNT signaling,True
1931,5.156854629516602,MIRA-1,TP53,p53 pathway,True
1530,5.217426300048828,PFI-3,"SMARCA2, SMARCA4, PB1",Chromatin other,False
1620,5.217426300048828,PFI3,"Polybromo 1, SMARCA4, SMARCA2",Chromatin other,True
179,5.367084503173828,5-Fluorouracil,Antimetabolite (DNA & RNA),Other,False
1073,5.367084503173828,5-Fluorouracil,Antimetabolite (DNA & RNA),Other,True
1563,5.367918014526367,EPZ5676,DOT1L,Chromatin histone methylation,True
1375,5.790086269378662,Temozolomide,DNA alkylating agent,DNA replication,True
